-- -----------------------------------------------------
-- Schema bd_portugal
-- -----------------------------------------------------
DROP SCHEMA IF EXISTS `bd_portugal` ;

-- -----------------------------------------------------
-- Schema bd_portugal
-- -----------------------------------------------------
CREATE SCHEMA IF NOT EXISTS `bd_portugal` DEFAULT CHARACTER SET utf8 ;
USE `bd_portugal` ;

-- -----------------------------------------------------
-- Table `bd_portugal`.`distrito`
-- -----------------------------------------------------
DROP TABLE IF EXISTS `bd_portugal`.`distrito` ;

CREATE TABLE IF NOT EXISTS `bd_portugal`.`distrito` (
  `id_distrito` INT NOT NULL,
  `nome` VARCHAR(65) NOT NULL,
  PRIMARY KEY (`id_distrito`))
ENGINE = InnoDB;

-- -----------------------------------------------------
-- Table `bd_portugal`.`concelho`
-- -----------------------------------------------------
DROP TABLE IF EXISTS `bd_portugal`.`concelho` ;

CREATE TABLE IF NOT EXISTS `bd_portugal`.`concelho` (
  `id_concelho` INT NOT NULL,
  `nome` VARCHAR(45) NOT NULL,
  `id_distrito` INT NOT NULL,
  PRIMARY KEY (`id_concelho`),
  FOREIGN KEY (`id_distrito`) REFERENCES `bd_portugal`.`distrito` (`id_distrito`))
ENGINE = InnoDB;


-- -----------------------------------------------------
-- Table `bd_portugal`.`freguesia`
-- -----------------------------------------------------
DROP TABLE IF EXISTS `bd_portugal`.`freguesia` ;

CREATE TABLE IF NOT EXISTS `bd_portugal`.`freguesia` (
  `id_freguesia` INT NOT NULL,
  `nome` VARCHAR(100) NOT NULL,
  `url` VARCHAR(255) NULL,
  `id_concelho` INT NOT NULL,
  PRIMARY KEY (`id_freguesia`),
  FOREIGN KEY (`id_concelho`) REFERENCES `bd_portugal`.`concelho` (`id_concelho`))
ENGINE = InnoDB;

-- -----------------------------------------------------
-- Data for table `bd_portugal`.`distrito`
-- -----------------------------------------------------
START TRANSACTION;
USE `bd_portugal`;
INSERT INTO `bd_portugal`.`distrito` (`id_distrito`, `nome`) VALUES (1, 'Aveiro');
INSERT INTO `bd_portugal`.`distrito` (`id_distrito`, `nome`) VALUES (2, 'Beja');
INSERT INTO `bd_portugal`.`distrito` (`id_distrito`, `nome`) VALUES (3, 'Braga');
INSERT INTO `bd_portugal`.`distrito` (`id_distrito`, `nome`) VALUES (4, 'Bragança');
INSERT INTO `bd_portugal`.`distrito` (`id_distrito`, `nome`) VALUES (5, 'Castelo Branco');
INSERT INTO `bd_portugal`.`distrito` (`id_distrito`, `nome`) VALUES (6, 'Coimbra');
INSERT INTO `bd_portugal`.`distrito` (`id_distrito`, `nome`) VALUES (7, 'Évora');
INSERT INTO `bd_portugal`.`distrito` (`id_distrito`, `nome`) VALUES (8, 'Faro');
INSERT INTO `bd_portugal`.`distrito` (`id_distrito`, `nome`) VALUES (9, 'Guarda');
INSERT INTO `bd_portugal`.`distrito` (`id_distrito`, `nome`) VALUES (10, 'Leiria');
INSERT INTO `bd_portugal`.`distrito` (`id_distrito`, `nome`) VALUES (11, 'Lisboa');
INSERT INTO `bd_portugal`.`distrito` (`id_distrito`, `nome`) VALUES (12, 'Portalegre');
INSERT INTO `bd_portugal`.`distrito` (`id_distrito`, `nome`) VALUES (13, 'Porto');
INSERT INTO `bd_portugal`.`distrito` (`id_distrito`, `nome`) VALUES (14, 'Santarém');
INSERT INTO `bd_portugal`.`distrito` (`id_distrito`, `nome`) VALUES (15, 'Setúbal');
INSERT INTO `bd_portugal`.`distrito` (`id_distrito`, `nome`) VALUES (16, 'Viana do Castelo');
INSERT INTO `bd_portugal`.`distrito` (`id_distrito`, `nome`) VALUES (17, 'Vila Real');
INSERT INTO `bd_portugal`.`distrito` (`id_distrito`, `nome`) VALUES (18, 'Viseu');
COMMIT;


-- -----------------------------------------------------
-- Data for table `bd_portugal`.`concelho`
-- -----------------------------------------------------
START TRANSACTION;
USE `bd_portugal`;
INSERT INTO `bd_portugal`.`concelho` (`id_concelho`, `nome`, `id_distrito`) VALUES (1, 'Castelo de Paiva', 1);
INSERT INTO `bd_portugal`.`concelho` (`id_concelho`, `nome`, `id_distrito`) VALUES (2, 'Espinho', 1);
INSERT INTO `bd_portugal`.`concelho` (`id_concelho`, `nome`, `id_distrito`) VALUES (3, 'Estarreja', 1);
INSERT INTO `bd_portugal`.`concelho` (`id_concelho`, `nome`, `id_distrito`) VALUES (4, 'Santa Maria da Feira', 1);
INSERT INTO `bd_portugal`.`concelho` (`id_concelho`, `nome`, `id_distrito`) VALUES (5, 'Ílhavo', 1);
INSERT INTO `bd_portugal`.`concelho` (`id_concelho`, `nome`, `id_distrito`) VALUES (6, 'Mealhada', 1);
INSERT INTO `bd_portugal`.`concelho` (`id_concelho`, `nome`, `id_distrito`) VALUES (7, 'Murtosa', 1);
INSERT INTO `bd_portugal`.`concelho` (`id_concelho`, `nome`, `id_distrito`) VALUES (8, 'Oliveira de Azeméis', 1);
INSERT INTO `bd_portugal`.`concelho` (`id_concelho`, `nome`, `id_distrito`) VALUES (9, 'Oliveira do Bairro', 1);
INSERT INTO `bd_portugal`.`concelho` (`id_concelho`, `nome`, `id_distrito`) VALUES (10, 'Ovar', 1);
INSERT INTO `bd_portugal`.`concelho` (`id_concelho`, `nome`, `id_distrito`) VALUES (11, 'São João da Madeira', 1);
INSERT INTO `bd_portugal`.`concelho` (`id_concelho`, `nome`, `id_distrito`) VALUES (12, 'Sever do Vouga', 1);
INSERT INTO `bd_portugal`.`concelho` (`id_concelho`, `nome`, `id_distrito`) VALUES (13, 'Vagos', 1);
INSERT INTO `bd_portugal`.`concelho` (`id_concelho`, `nome`, `id_distrito`) VALUES (14, 'Vale de Cambra', 1);
INSERT INTO `bd_portugal`.`concelho` (`id_concelho`, `nome`, `id_distrito`) VALUES (15, 'Águeda', 1);
INSERT INTO `bd_portugal`.`concelho` (`id_concelho`, `nome`, `id_distrito`) VALUES (16, 'Albergaria-a-Velha', 1);
INSERT INTO `bd_portugal`.`concelho` (`id_concelho`, `nome`, `id_distrito`) VALUES (17, 'Anadia', 1);
INSERT INTO `bd_portugal`.`concelho` (`id_concelho`, `nome`, `id_distrito`) VALUES (18, 'Arouca', 1);
INSERT INTO `bd_portugal`.`concelho` (`id_concelho`, `nome`, `id_distrito`) VALUES (19, 'Aveiro', 1);
INSERT INTO `bd_portugal`.`concelho` (`id_concelho`, `nome`, `id_distrito`) VALUES (20, 'Castro Verde', 2);
INSERT INTO `bd_portugal`.`concelho` (`id_concelho`, `nome`, `id_distrito`) VALUES (21, 'Cuba', 2);
INSERT INTO `bd_portugal`.`concelho` (`id_concelho`, `nome`, `id_distrito`) VALUES (22, 'Ferreira do Alentejo', 2);
INSERT INTO `bd_portugal`.`concelho` (`id_concelho`, `nome`, `id_distrito`) VALUES (23, 'Mértola', 2);
INSERT INTO `bd_portugal`.`concelho` (`id_concelho`, `nome`, `id_distrito`) VALUES (24, 'Moura', 2);
INSERT INTO `bd_portugal`.`concelho` (`id_concelho`, `nome`, `id_distrito`) VALUES (25, 'Odemira', 2);
INSERT INTO `bd_portugal`.`concelho` (`id_concelho`, `nome`, `id_distrito`) VALUES (26, 'Ourique', 2);
INSERT INTO `bd_portugal`.`concelho` (`id_concelho`, `nome`, `id_distrito`) VALUES (27, 'Serpa', 2);
INSERT INTO `bd_portugal`.`concelho` (`id_concelho`, `nome`, `id_distrito`) VALUES (28, 'Vidigueira', 2);
INSERT INTO `bd_portugal`.`concelho` (`id_concelho`, `nome`, `id_distrito`) VALUES (29, 'Aljustrel', 2);
INSERT INTO `bd_portugal`.`concelho` (`id_concelho`, `nome`, `id_distrito`) VALUES (30, 'Almodôvar', 2);
INSERT INTO `bd_portugal`.`concelho` (`id_concelho`, `nome`, `id_distrito`) VALUES (31, 'Alvito', 2);
INSERT INTO `bd_portugal`.`concelho` (`id_concelho`, `nome`, `id_distrito`) VALUES (32, 'Barrancos', 2);
INSERT INTO `bd_portugal`.`concelho` (`id_concelho`, `nome`, `id_distrito`) VALUES (33, 'Beja', 2);
INSERT INTO `bd_portugal`.`concelho` (`id_concelho`, `nome`, `id_distrito`) VALUES (34, 'Esposende', 3);
INSERT INTO `bd_portugal`.`concelho` (`id_concelho`, `nome`, `id_distrito`) VALUES (35, 'Fafe', 3);
INSERT INTO `bd_portugal`.`concelho` (`id_concelho`, `nome`, `id_distrito`) VALUES (36, 'Guimarães', 3);
INSERT INTO `bd_portugal`.`concelho` (`id_concelho`, `nome`, `id_distrito`) VALUES (37, 'Póvoa de Lanhoso', 3);
INSERT INTO `bd_portugal`.`concelho` (`id_concelho`, `nome`, `id_distrito`) VALUES (38, 'Terras de Bouro', 3);
INSERT INTO `bd_portugal`.`concelho` (`id_concelho`, `nome`, `id_distrito`) VALUES (39, 'Vieira do Minho', 3);
INSERT INTO `bd_portugal`.`concelho` (`id_concelho`, `nome`, `id_distrito`) VALUES (40, 'Vila Nova de Famalicão', 3);
INSERT INTO `bd_portugal`.`concelho` (`id_concelho`, `nome`, `id_distrito`) VALUES (41, 'Vila Verde', 3);
INSERT INTO `bd_portugal`.`concelho` (`id_concelho`, `nome`, `id_distrito`) VALUES (42, 'Vizela', 3);
INSERT INTO `bd_portugal`.`concelho` (`id_concelho`, `nome`, `id_distrito`) VALUES (43, 'Amares', 3);
INSERT INTO `bd_portugal`.`concelho` (`id_concelho`, `nome`, `id_distrito`) VALUES (44, 'Barcelos', 3);
INSERT INTO `bd_portugal`.`concelho` (`id_concelho`, `nome`, `id_distrito`) VALUES (45, 'Braga', 3);
INSERT INTO `bd_portugal`.`concelho` (`id_concelho`, `nome`, `id_distrito`) VALUES (46, 'Cabeceiras de Basto', 3);
INSERT INTO `bd_portugal`.`concelho` (`id_concelho`, `nome`, `id_distrito`) VALUES (47, 'Celorico de Basto', 3);
INSERT INTO `bd_portugal`.`concelho` (`id_concelho`, `nome`, `id_distrito`) VALUES (48, 'Miranda do Douro', 4);
INSERT INTO `bd_portugal`.`concelho` (`id_concelho`, `nome`, `id_distrito`) VALUES (49, 'Mirandela', 4);
INSERT INTO `bd_portugal`.`concelho` (`id_concelho`, `nome`, `id_distrito`) VALUES (50, 'Mogadouro', 4);
INSERT INTO `bd_portugal`.`concelho` (`id_concelho`, `nome`, `id_distrito`) VALUES (51, 'Torre de Moncorvo', 4);
INSERT INTO `bd_portugal`.`concelho` (`id_concelho`, `nome`, `id_distrito`) VALUES (52, 'Vila Flor', 4);
INSERT INTO `bd_portugal`.`concelho` (`id_concelho`, `nome`, `id_distrito`) VALUES (53, 'Vimioso', 4);
INSERT INTO `bd_portugal`.`concelho` (`id_concelho`, `nome`, `id_distrito`) VALUES (54, 'Vinhais', 4);
INSERT INTO `bd_portugal`.`concelho` (`id_concelho`, `nome`, `id_distrito`) VALUES (55, 'Alfândega da Fé', 4);
INSERT INTO `bd_portugal`.`concelho` (`id_concelho`, `nome`, `id_distrito`) VALUES (56, 'Bragança', 4);
INSERT INTO `bd_portugal`.`concelho` (`id_concelho`, `nome`, `id_distrito`) VALUES (57, 'Carrazeda de Ansiães', 4);
INSERT INTO `bd_portugal`.`concelho` (`id_concelho`, `nome`, `id_distrito`) VALUES (58, 'Freixo de Espada à Cinta', 4);
INSERT INTO `bd_portugal`.`concelho` (`id_concelho`, `nome`, `id_distrito`) VALUES (59, 'Macedo de Cavaleiros', 4);
INSERT INTO `bd_portugal`.`concelho` (`id_concelho`, `nome`, `id_distrito`) VALUES (60, 'Oleiros', 5);
INSERT INTO `bd_portugal`.`concelho` (`id_concelho`, `nome`, `id_distrito`) VALUES (61, 'Penamacor', 5);
INSERT INTO `bd_portugal`.`concelho` (`id_concelho`, `nome`, `id_distrito`) VALUES (62, 'Proença-a-Nova', 5);
INSERT INTO `bd_portugal`.`concelho` (`id_concelho`, `nome`, `id_distrito`) VALUES (63, 'Sertã', 5);
INSERT INTO `bd_portugal`.`concelho` (`id_concelho`, `nome`, `id_distrito`) VALUES (64, 'Vila de Rei', 5);
INSERT INTO `bd_portugal`.`concelho` (`id_concelho`, `nome`, `id_distrito`) VALUES (65, 'Vila Velha de Ródão', 5);
INSERT INTO `bd_portugal`.`concelho` (`id_concelho`, `nome`, `id_distrito`) VALUES (66, 'Belmonte', 5);
INSERT INTO `bd_portugal`.`concelho` (`id_concelho`, `nome`, `id_distrito`) VALUES (67, 'Castelo Branco', 5);
INSERT INTO `bd_portugal`.`concelho` (`id_concelho`, `nome`, `id_distrito`) VALUES (68, 'Covilhã', 5);
INSERT INTO `bd_portugal`.`concelho` (`id_concelho`, `nome`, `id_distrito`) VALUES (69, 'Fundão', 5);
INSERT INTO `bd_portugal`.`concelho` (`id_concelho`, `nome`, `id_distrito`) VALUES (70, 'Idanha-a-Nova', 5);
INSERT INTO `bd_portugal`.`concelho` (`id_concelho`, `nome`, `id_distrito`) VALUES (71, 'Góis', 6);
INSERT INTO `bd_portugal`.`concelho` (`id_concelho`, `nome`, `id_distrito`) VALUES (72, 'Lousã', 6);
INSERT INTO `bd_portugal`.`concelho` (`id_concelho`, `nome`, `id_distrito`) VALUES (73, 'Mira', 6);
INSERT INTO `bd_portugal`.`concelho` (`id_concelho`, `nome`, `id_distrito`) VALUES (74, 'Miranda do Corvo', 6);
INSERT INTO `bd_portugal`.`concelho` (`id_concelho`, `nome`, `id_distrito`) VALUES (75, 'Montemor-o-Velho', 6);
INSERT INTO `bd_portugal`.`concelho` (`id_concelho`, `nome`, `id_distrito`) VALUES (76, 'Oliveira do Hospital', 6);
INSERT INTO `bd_portugal`.`concelho` (`id_concelho`, `nome`, `id_distrito`) VALUES (77, 'Pampilhosa da Serra', 6);
INSERT INTO `bd_portugal`.`concelho` (`id_concelho`, `nome`, `id_distrito`) VALUES (78, 'Penacova', 6);
INSERT INTO `bd_portugal`.`concelho` (`id_concelho`, `nome`, `id_distrito`) VALUES (79, 'Penela', 6);
INSERT INTO `bd_portugal`.`concelho` (`id_concelho`, `nome`, `id_distrito`) VALUES (80, 'Soure', 6);
INSERT INTO `bd_portugal`.`concelho` (`id_concelho`, `nome`, `id_distrito`) VALUES (81, 'Tábua', 6);
INSERT INTO `bd_portugal`.`concelho` (`id_concelho`, `nome`, `id_distrito`) VALUES (82, 'Vila Nova de Poiares', 6);
INSERT INTO `bd_portugal`.`concelho` (`id_concelho`, `nome`, `id_distrito`) VALUES (83, 'Arganil', 6);
INSERT INTO `bd_portugal`.`concelho` (`id_concelho`, `nome`, `id_distrito`) VALUES (84, 'Cantanhede', 6);
INSERT INTO `bd_portugal`.`concelho` (`id_concelho`, `nome`, `id_distrito`) VALUES (85, 'Coimbra', 6);
INSERT INTO `bd_portugal`.`concelho` (`id_concelho`, `nome`, `id_distrito`) VALUES (86, 'Condeixa-a-Nova', 6);
INSERT INTO `bd_portugal`.`concelho` (`id_concelho`, `nome`, `id_distrito`) VALUES (87, 'Figueira da Foz', 6);
INSERT INTO `bd_portugal`.`concelho` (`id_concelho`, `nome`, `id_distrito`) VALUES (88, 'Montemor-o-Novo', 7);
INSERT INTO `bd_portugal`.`concelho` (`id_concelho`, `nome`, `id_distrito`) VALUES (89, 'Mora', 7);
INSERT INTO `bd_portugal`.`concelho` (`id_concelho`, `nome`, `id_distrito`) VALUES (90, 'Mourão', 7);
INSERT INTO `bd_portugal`.`concelho` (`id_concelho`, `nome`, `id_distrito`) VALUES (91, 'Portel', 7);
INSERT INTO `bd_portugal`.`concelho` (`id_concelho`, `nome`, `id_distrito`) VALUES (92, 'Redondo', 7);
INSERT INTO `bd_portugal`.`concelho` (`id_concelho`, `nome`, `id_distrito`) VALUES (93, 'Reguengos de Monsaraz', 7);
INSERT INTO `bd_portugal`.`concelho` (`id_concelho`, `nome`, `id_distrito`) VALUES (94, 'Vendas Novas', 7);
INSERT INTO `bd_portugal`.`concelho` (`id_concelho`, `nome`, `id_distrito`) VALUES (95, 'Viana do Alentejo', 7);
INSERT INTO `bd_portugal`.`concelho` (`id_concelho`, `nome`, `id_distrito`) VALUES (96, 'Vila Viçosa', 7);
INSERT INTO `bd_portugal`.`concelho` (`id_concelho`, `nome`, `id_distrito`) VALUES (97, 'Alandroal', 7);
INSERT INTO `bd_portugal`.`concelho` (`id_concelho`, `nome`, `id_distrito`) VALUES (98, 'Arraiolos', 7);
INSERT INTO `bd_portugal`.`concelho` (`id_concelho`, `nome`, `id_distrito`) VALUES (99, 'Borba', 7);
INSERT INTO `bd_portugal`.`concelho` (`id_concelho`, `nome`, `id_distrito`) VALUES (100, 'Estremoz', 7);
INSERT INTO `bd_portugal`.`concelho` (`id_concelho`, `nome`, `id_distrito`) VALUES (101, 'Évora', 7);
INSERT INTO `bd_portugal`.`concelho` (`id_concelho`, `nome`, `id_distrito`) VALUES (102, 'Lagoa (Algarve)', 8);
INSERT INTO `bd_portugal`.`concelho` (`id_concelho`, `nome`, `id_distrito`) VALUES (103, 'Lagos', 8);
INSERT INTO `bd_portugal`.`concelho` (`id_concelho`, `nome`, `id_distrito`) VALUES (104, 'Loulé', 8);
INSERT INTO `bd_portugal`.`concelho` (`id_concelho`, `nome`, `id_distrito`) VALUES (105, 'Monchique', 8);
INSERT INTO `bd_portugal`.`concelho` (`id_concelho`, `nome`, `id_distrito`) VALUES (106, 'Olhão', 8);
INSERT INTO `bd_portugal`.`concelho` (`id_concelho`, `nome`, `id_distrito`) VALUES (107, 'Portimão', 8);
INSERT INTO `bd_portugal`.`concelho` (`id_concelho`, `nome`, `id_distrito`) VALUES (108, 'São Brás de Alportel', 8);
INSERT INTO `bd_portugal`.`concelho` (`id_concelho`, `nome`, `id_distrito`) VALUES (109, 'Silves', 8);
INSERT INTO `bd_portugal`.`concelho` (`id_concelho`, `nome`, `id_distrito`) VALUES (110, 'Tavira', 8);
INSERT INTO `bd_portugal`.`concelho` (`id_concelho`, `nome`, `id_distrito`) VALUES (111, 'Vila do Bispo', 8);
INSERT INTO `bd_portugal`.`concelho` (`id_concelho`, `nome`, `id_distrito`) VALUES (112, 'Vila Real de Santo António', 8);
INSERT INTO `bd_portugal`.`concelho` (`id_concelho`, `nome`, `id_distrito`) VALUES (113, 'Albufeira', 8);
INSERT INTO `bd_portugal`.`concelho` (`id_concelho`, `nome`, `id_distrito`) VALUES (114, 'Alcoutim', 8);
INSERT INTO `bd_portugal`.`concelho` (`id_concelho`, `nome`, `id_distrito`) VALUES (115, 'Aljezur', 8);
INSERT INTO `bd_portugal`.`concelho` (`id_concelho`, `nome`, `id_distrito`) VALUES (116, 'Castro Marim', 8);
INSERT INTO `bd_portugal`.`concelho` (`id_concelho`, `nome`, `id_distrito`) VALUES (117, 'Faro', 8);
INSERT INTO `bd_portugal`.`concelho` (`id_concelho`, `nome`, `id_distrito`) VALUES (118, 'Gouveia', 9);
INSERT INTO `bd_portugal`.`concelho` (`id_concelho`, `nome`, `id_distrito`) VALUES (119, 'Guarda', 9);
INSERT INTO `bd_portugal`.`concelho` (`id_concelho`, `nome`, `id_distrito`) VALUES (120, 'Manteigas', 9);
INSERT INTO `bd_portugal`.`concelho` (`id_concelho`, `nome`, `id_distrito`) VALUES (121, 'Meda', 9);
INSERT INTO `bd_portugal`.`concelho` (`id_concelho`, `nome`, `id_distrito`) VALUES (122, 'Pinhel', 9);
INSERT INTO `bd_portugal`.`concelho` (`id_concelho`, `nome`, `id_distrito`) VALUES (123, 'Sabugal', 9);
INSERT INTO `bd_portugal`.`concelho` (`id_concelho`, `nome`, `id_distrito`) VALUES (124, 'Seia', 9);
INSERT INTO `bd_portugal`.`concelho` (`id_concelho`, `nome`, `id_distrito`) VALUES (125, 'Trancoso', 9);
INSERT INTO `bd_portugal`.`concelho` (`id_concelho`, `nome`, `id_distrito`) VALUES (126, 'Vila Nova de Foz Côa', 9);
INSERT INTO `bd_portugal`.`concelho` (`id_concelho`, `nome`, `id_distrito`) VALUES (127, 'Aguiar da Beira', 9);
INSERT INTO `bd_portugal`.`concelho` (`id_concelho`, `nome`, `id_distrito`) VALUES (128, 'Almeida', 9);
INSERT INTO `bd_portugal`.`concelho` (`id_concelho`, `nome`, `id_distrito`) VALUES (129, 'Celorico da Beira', 9);
INSERT INTO `bd_portugal`.`concelho` (`id_concelho`, `nome`, `id_distrito`) VALUES (130, 'Figueira de Castelo Rodrigo', 9);
INSERT INTO `bd_portugal`.`concelho` (`id_concelho`, `nome`, `id_distrito`) VALUES (131, 'Fornos de Algodres', 9);
INSERT INTO `bd_portugal`.`concelho` (`id_concelho`, `nome`, `id_distrito`) VALUES (132, 'Caldas da Rainha', 10);
INSERT INTO `bd_portugal`.`concelho` (`id_concelho`, `nome`, `id_distrito`) VALUES (133, 'Castanheira de Pêra', 10);
INSERT INTO `bd_portugal`.`concelho` (`id_concelho`, `nome`, `id_distrito`) VALUES (134, 'Figueiró dos Vinhos', 10);
INSERT INTO `bd_portugal`.`concelho` (`id_concelho`, `nome`, `id_distrito`) VALUES (135, 'Leiria', 10);
INSERT INTO `bd_portugal`.`concelho` (`id_concelho`, `nome`, `id_distrito`) VALUES (136, 'Marinha Grande', 10);
INSERT INTO `bd_portugal`.`concelho` (`id_concelho`, `nome`, `id_distrito`) VALUES (137, 'Nazaré', 10);
INSERT INTO `bd_portugal`.`concelho` (`id_concelho`, `nome`, `id_distrito`) VALUES (138, 'Óbidos', 10);
INSERT INTO `bd_portugal`.`concelho` (`id_concelho`, `nome`, `id_distrito`) VALUES (139, 'Pedrógão Grande', 10);
INSERT INTO `bd_portugal`.`concelho` (`id_concelho`, `nome`, `id_distrito`) VALUES (140, 'Peniche', 10);
INSERT INTO `bd_portugal`.`concelho` (`id_concelho`, `nome`, `id_distrito`) VALUES (141, 'Pombal', 10);
INSERT INTO `bd_portugal`.`concelho` (`id_concelho`, `nome`, `id_distrito`) VALUES (142, 'Porto de Mós', 10);
INSERT INTO `bd_portugal`.`concelho` (`id_concelho`, `nome`, `id_distrito`) VALUES (143, 'Alcobaça', 10);
INSERT INTO `bd_portugal`.`concelho` (`id_concelho`, `nome`, `id_distrito`) VALUES (144, 'Alvaiázere', 10);
INSERT INTO `bd_portugal`.`concelho` (`id_concelho`, `nome`, `id_distrito`) VALUES (145, 'Ansião', 10);
INSERT INTO `bd_portugal`.`concelho` (`id_concelho`, `nome`, `id_distrito`) VALUES (146, 'Batalha', 10);
INSERT INTO `bd_portugal`.`concelho` (`id_concelho`, `nome`, `id_distrito`) VALUES (147, 'Bombarral', 10);
INSERT INTO `bd_portugal`.`concelho` (`id_concelho`, `nome`, `id_distrito`) VALUES (148, 'Lisboa', 11);
INSERT INTO `bd_portugal`.`concelho` (`id_concelho`, `nome`, `id_distrito`) VALUES (149, 'Loures', 11);
INSERT INTO `bd_portugal`.`concelho` (`id_concelho`, `nome`, `id_distrito`) VALUES (150, 'Lourinhã', 11);
INSERT INTO `bd_portugal`.`concelho` (`id_concelho`, `nome`, `id_distrito`) VALUES (151, 'Mafra', 11);
INSERT INTO `bd_portugal`.`concelho` (`id_concelho`, `nome`, `id_distrito`) VALUES (152, 'Oeiras', 11);
INSERT INTO `bd_portugal`.`concelho` (`id_concelho`, `nome`, `id_distrito`) VALUES (153, 'Sintra', 11);
INSERT INTO `bd_portugal`.`concelho` (`id_concelho`, `nome`, `id_distrito`) VALUES (154, 'Sobral de Monte Agraço', 11);
INSERT INTO `bd_portugal`.`concelho` (`id_concelho`, `nome`, `id_distrito`) VALUES (155, 'Torres Vedras', 11);
INSERT INTO `bd_portugal`.`concelho` (`id_concelho`, `nome`, `id_distrito`) VALUES (156, 'Vila Franca de Xira', 11);
INSERT INTO `bd_portugal`.`concelho` (`id_concelho`, `nome`, `id_distrito`) VALUES (157, 'Amadora', 11);
INSERT INTO `bd_portugal`.`concelho` (`id_concelho`, `nome`, `id_distrito`) VALUES (158, 'Odivelas', 11);
INSERT INTO `bd_portugal`.`concelho` (`id_concelho`, `nome`, `id_distrito`) VALUES (159, 'Alenquer', 11);
INSERT INTO `bd_portugal`.`concelho` (`id_concelho`, `nome`, `id_distrito`) VALUES (160, 'Arruda dos Vinhos', 11);
INSERT INTO `bd_portugal`.`concelho` (`id_concelho`, `nome`, `id_distrito`) VALUES (161, 'Azambuja', 11);
INSERT INTO `bd_portugal`.`concelho` (`id_concelho`, `nome`, `id_distrito`) VALUES (162, 'Cadaval', 11);
INSERT INTO `bd_portugal`.`concelho` (`id_concelho`, `nome`, `id_distrito`) VALUES (163, 'Cascais', 11);
INSERT INTO `bd_portugal`.`concelho` (`id_concelho`, `nome`, `id_distrito`) VALUES (164, 'Crato', 12);
INSERT INTO `bd_portugal`.`concelho` (`id_concelho`, `nome`, `id_distrito`) VALUES (165, 'Elvas', 12);
INSERT INTO `bd_portugal`.`concelho` (`id_concelho`, `nome`, `id_distrito`) VALUES (166, 'Fronteira', 12);
INSERT INTO `bd_portugal`.`concelho` (`id_concelho`, `nome`, `id_distrito`) VALUES (167, 'Gavião', 12);
INSERT INTO `bd_portugal`.`concelho` (`id_concelho`, `nome`, `id_distrito`) VALUES (168, 'Marvão', 12);
INSERT INTO `bd_portugal`.`concelho` (`id_concelho`, `nome`, `id_distrito`) VALUES (169, 'Monforte', 12);
INSERT INTO `bd_portugal`.`concelho` (`id_concelho`, `nome`, `id_distrito`) VALUES (170, 'Nisa', 12);
INSERT INTO `bd_portugal`.`concelho` (`id_concelho`, `nome`, `id_distrito`) VALUES (171, 'Ponte de Sor', 12);
INSERT INTO `bd_portugal`.`concelho` (`id_concelho`, `nome`, `id_distrito`) VALUES (172, 'Portalegre', 12);
INSERT INTO `bd_portugal`.`concelho` (`id_concelho`, `nome`, `id_distrito`) VALUES (173, 'Sousel', 12);
INSERT INTO `bd_portugal`.`concelho` (`id_concelho`, `nome`, `id_distrito`) VALUES (174, 'Alter do Chão', 12);
INSERT INTO `bd_portugal`.`concelho` (`id_concelho`, `nome`, `id_distrito`) VALUES (175, 'Arronches', 12);
INSERT INTO `bd_portugal`.`concelho` (`id_concelho`, `nome`, `id_distrito`) VALUES (176, 'Avis', 12);
INSERT INTO `bd_portugal`.`concelho` (`id_concelho`, `nome`, `id_distrito`) VALUES (177, 'Campo Maior', 12);
INSERT INTO `bd_portugal`.`concelho` (`id_concelho`, `nome`, `id_distrito`) VALUES (178, 'Castelo de Vide', 12);
INSERT INTO `bd_portugal`.`concelho` (`id_concelho`, `nome`, `id_distrito`) VALUES (179, 'Maia', 13);
INSERT INTO `bd_portugal`.`concelho` (`id_concelho`, `nome`, `id_distrito`) VALUES (180, 'Marco de Canaveses', 13);
INSERT INTO `bd_portugal`.`concelho` (`id_concelho`, `nome`, `id_distrito`) VALUES (181, 'Matosinhos', 13);
INSERT INTO `bd_portugal`.`concelho` (`id_concelho`, `nome`, `id_distrito`) VALUES (182, 'Paços de Ferreira', 13);
INSERT INTO `bd_portugal`.`concelho` (`id_concelho`, `nome`, `id_distrito`) VALUES (183, 'Paredes', 13);
INSERT INTO `bd_portugal`.`concelho` (`id_concelho`, `nome`, `id_distrito`) VALUES (184, 'Penafiel', 13);
INSERT INTO `bd_portugal`.`concelho` (`id_concelho`, `nome`, `id_distrito`) VALUES (185, 'Porto', 13);
INSERT INTO `bd_portugal`.`concelho` (`id_concelho`, `nome`, `id_distrito`) VALUES (186, 'Póvoa de Varzim', 13);
INSERT INTO `bd_portugal`.`concelho` (`id_concelho`, `nome`, `id_distrito`) VALUES (187, 'Santo Tirso', 13);
INSERT INTO `bd_portugal`.`concelho` (`id_concelho`, `nome`, `id_distrito`) VALUES (188, 'Valongo', 13);
INSERT INTO `bd_portugal`.`concelho` (`id_concelho`, `nome`, `id_distrito`) VALUES (189, 'Vila do Conde', 13);
INSERT INTO `bd_portugal`.`concelho` (`id_concelho`, `nome`, `id_distrito`) VALUES (190, 'Vila Nova de Gaia', 13);
INSERT INTO `bd_portugal`.`concelho` (`id_concelho`, `nome`, `id_distrito`) VALUES (191, 'Trofa', 13);
INSERT INTO `bd_portugal`.`concelho` (`id_concelho`, `nome`, `id_distrito`) VALUES (192, 'Amarante', 13);
INSERT INTO `bd_portugal`.`concelho` (`id_concelho`, `nome`, `id_distrito`) VALUES (193, 'Baião', 13);
INSERT INTO `bd_portugal`.`concelho` (`id_concelho`, `nome`, `id_distrito`) VALUES (194, 'Felgueiras', 13);
INSERT INTO `bd_portugal`.`concelho` (`id_concelho`, `nome`, `id_distrito`) VALUES (195, 'Gondomar', 13);
INSERT INTO `bd_portugal`.`concelho` (`id_concelho`, `nome`, `id_distrito`) VALUES (196, 'Lousada', 13);
INSERT INTO `bd_portugal`.`concelho` (`id_concelho`, `nome`, `id_distrito`) VALUES (197, 'Cartaxo', 14);
INSERT INTO `bd_portugal`.`concelho` (`id_concelho`, `nome`, `id_distrito`) VALUES (198, 'Chamusca', 14);
INSERT INTO `bd_portugal`.`concelho` (`id_concelho`, `nome`, `id_distrito`) VALUES (199, 'Constância', 14);
INSERT INTO `bd_portugal`.`concelho` (`id_concelho`, `nome`, `id_distrito`) VALUES (200, 'Coruche', 14);
INSERT INTO `bd_portugal`.`concelho` (`id_concelho`, `nome`, `id_distrito`) VALUES (201, 'Entroncamento', 14);
INSERT INTO `bd_portugal`.`concelho` (`id_concelho`, `nome`, `id_distrito`) VALUES (202, 'Ferreira do Zêzere', 14);
INSERT INTO `bd_portugal`.`concelho` (`id_concelho`, `nome`, `id_distrito`) VALUES (203, 'Golegã', 14);
INSERT INTO `bd_portugal`.`concelho` (`id_concelho`, `nome`, `id_distrito`) VALUES (204, 'Mação', 14);
INSERT INTO `bd_portugal`.`concelho` (`id_concelho`, `nome`, `id_distrito`) VALUES (205, 'Rio Maior', 14);
INSERT INTO `bd_portugal`.`concelho` (`id_concelho`, `nome`, `id_distrito`) VALUES (206, 'Salvaterra de Magos', 14);
INSERT INTO `bd_portugal`.`concelho` (`id_concelho`, `nome`, `id_distrito`) VALUES (207, 'Santarém', 14);
INSERT INTO `bd_portugal`.`concelho` (`id_concelho`, `nome`, `id_distrito`) VALUES (208, 'Sardoal', 14);
INSERT INTO `bd_portugal`.`concelho` (`id_concelho`, `nome`, `id_distrito`) VALUES (209, 'Tomar', 14);
INSERT INTO `bd_portugal`.`concelho` (`id_concelho`, `nome`, `id_distrito`) VALUES (210, 'Torres Novas', 14);
INSERT INTO `bd_portugal`.`concelho` (`id_concelho`, `nome`, `id_distrito`) VALUES (211, 'Vila Nova da Barquinha', 14);
INSERT INTO `bd_portugal`.`concelho` (`id_concelho`, `nome`, `id_distrito`) VALUES (212, 'Ourém', 14);
INSERT INTO `bd_portugal`.`concelho` (`id_concelho`, `nome`, `id_distrito`) VALUES (213, 'Abrantes', 14);
INSERT INTO `bd_portugal`.`concelho` (`id_concelho`, `nome`, `id_distrito`) VALUES (214, 'Alcanena', 14);
INSERT INTO `bd_portugal`.`concelho` (`id_concelho`, `nome`, `id_distrito`) VALUES (215, 'Almeirim', 14);
INSERT INTO `bd_portugal`.`concelho` (`id_concelho`, `nome`, `id_distrito`) VALUES (216, 'Alpiarça', 14);
INSERT INTO `bd_portugal`.`concelho` (`id_concelho`, `nome`, `id_distrito`) VALUES (217, 'Benavente', 14);
INSERT INTO `bd_portugal`.`concelho` (`id_concelho`, `nome`, `id_distrito`) VALUES (218, 'Moita', 15);
INSERT INTO `bd_portugal`.`concelho` (`id_concelho`, `nome`, `id_distrito`) VALUES (219, 'Montijo', 15);
INSERT INTO `bd_portugal`.`concelho` (`id_concelho`, `nome`, `id_distrito`) VALUES (220, 'Palmela', 15);
INSERT INTO `bd_portugal`.`concelho` (`id_concelho`, `nome`, `id_distrito`) VALUES (221, 'Santiago do Cacém', 15);
INSERT INTO `bd_portugal`.`concelho` (`id_concelho`, `nome`, `id_distrito`) VALUES (222, 'Seixal', 15);
INSERT INTO `bd_portugal`.`concelho` (`id_concelho`, `nome`, `id_distrito`) VALUES (223, 'Sesimbra', 15);
INSERT INTO `bd_portugal`.`concelho` (`id_concelho`, `nome`, `id_distrito`) VALUES (224, 'Setúbal', 15);
INSERT INTO `bd_portugal`.`concelho` (`id_concelho`, `nome`, `id_distrito`) VALUES (225, 'Sines', 15);
INSERT INTO `bd_portugal`.`concelho` (`id_concelho`, `nome`, `id_distrito`) VALUES (226, 'Alcácer do Sal', 15);
INSERT INTO `bd_portugal`.`concelho` (`id_concelho`, `nome`, `id_distrito`) VALUES (227, 'Alcochete', 15);
INSERT INTO `bd_portugal`.`concelho` (`id_concelho`, `nome`, `id_distrito`) VALUES (228, 'Almada', 15);
INSERT INTO `bd_portugal`.`concelho` (`id_concelho`, `nome`, `id_distrito`) VALUES (229, 'Barreiro', 15);
INSERT INTO `bd_portugal`.`concelho` (`id_concelho`, `nome`, `id_distrito`) VALUES (230, 'Grândola', 15);
INSERT INTO `bd_portugal`.`concelho` (`id_concelho`, `nome`, `id_distrito`) VALUES (231, 'Ponte da Barca', 16);
INSERT INTO `bd_portugal`.`concelho` (`id_concelho`, `nome`, `id_distrito`) VALUES (232, 'Ponte de Lima', 16);
INSERT INTO `bd_portugal`.`concelho` (`id_concelho`, `nome`, `id_distrito`) VALUES (233, 'Valença', 16);
INSERT INTO `bd_portugal`.`concelho` (`id_concelho`, `nome`, `id_distrito`) VALUES (234, 'Viana do Castelo', 16);
INSERT INTO `bd_portugal`.`concelho` (`id_concelho`, `nome`, `id_distrito`) VALUES (235, 'Vila Nova de Cerveira', 16);
INSERT INTO `bd_portugal`.`concelho` (`id_concelho`, `nome`, `id_distrito`) VALUES (236, 'Arcos de Valdevez', 16);
INSERT INTO `bd_portugal`.`concelho` (`id_concelho`, `nome`, `id_distrito`) VALUES (237, 'Caminha', 16);
INSERT INTO `bd_portugal`.`concelho` (`id_concelho`, `nome`, `id_distrito`) VALUES (238, 'Melgaço', 16);
INSERT INTO `bd_portugal`.`concelho` (`id_concelho`, `nome`, `id_distrito`) VALUES (239, 'Monção', 16);
INSERT INTO `bd_portugal`.`concelho` (`id_concelho`, `nome`, `id_distrito`) VALUES (240, 'Paredes de Coura', 16);
INSERT INTO `bd_portugal`.`concelho` (`id_concelho`, `nome`, `id_distrito`) VALUES (241, 'Mondim de Basto', 17);
INSERT INTO `bd_portugal`.`concelho` (`id_concelho`, `nome`, `id_distrito`) VALUES (242, 'Montalegre', 17);
INSERT INTO `bd_portugal`.`concelho` (`id_concelho`, `nome`, `id_distrito`) VALUES (243, 'Murça', 17);
INSERT INTO `bd_portugal`.`concelho` (`id_concelho`, `nome`, `id_distrito`) VALUES (244, 'Peso da Régua', 17);
INSERT INTO `bd_portugal`.`concelho` (`id_concelho`, `nome`, `id_distrito`) VALUES (245, 'Ribeira de Pena', 17);
INSERT INTO `bd_portugal`.`concelho` (`id_concelho`, `nome`, `id_distrito`) VALUES (246, 'Sabrosa', 17);
INSERT INTO `bd_portugal`.`concelho` (`id_concelho`, `nome`, `id_distrito`) VALUES (247, 'Santa Marta de Penaguião', 17);
INSERT INTO `bd_portugal`.`concelho` (`id_concelho`, `nome`, `id_distrito`) VALUES (248, 'Valpaços', 17);
INSERT INTO `bd_portugal`.`concelho` (`id_concelho`, `nome`, `id_distrito`) VALUES (249, 'Vila Pouca de Aguiar', 17);
INSERT INTO `bd_portugal`.`concelho` (`id_concelho`, `nome`, `id_distrito`) VALUES (250, 'Vila Real', 17);
INSERT INTO `bd_portugal`.`concelho` (`id_concelho`, `nome`, `id_distrito`) VALUES (251, 'Alijó', 17);
INSERT INTO `bd_portugal`.`concelho` (`id_concelho`, `nome`, `id_distrito`) VALUES (252, 'Boticas', 17);
INSERT INTO `bd_portugal`.`concelho` (`id_concelho`, `nome`, `id_distrito`) VALUES (253, 'Chaves', 17);
INSERT INTO `bd_portugal`.`concelho` (`id_concelho`, `nome`, `id_distrito`) VALUES (254, 'Mesão Frio', 17);
INSERT INTO `bd_portugal`.`concelho` (`id_concelho`, `nome`, `id_distrito`) VALUES (255, 'Lamego', 18);
INSERT INTO `bd_portugal`.`concelho` (`id_concelho`, `nome`, `id_distrito`) VALUES (256, 'Mangualde', 18);
INSERT INTO `bd_portugal`.`concelho` (`id_concelho`, `nome`, `id_distrito`) VALUES (257, 'Moimenta da Beira', 18);
INSERT INTO `bd_portugal`.`concelho` (`id_concelho`, `nome`, `id_distrito`) VALUES (258, 'Mortágua', 18);
INSERT INTO `bd_portugal`.`concelho` (`id_concelho`, `nome`, `id_distrito`) VALUES (259, 'Nelas', 18);
INSERT INTO `bd_portugal`.`concelho` (`id_concelho`, `nome`, `id_distrito`) VALUES (260, 'Oliveira de Frades', 18);
INSERT INTO `bd_portugal`.`concelho` (`id_concelho`, `nome`, `id_distrito`) VALUES (261, 'Penalva do Castelo', 18);
INSERT INTO `bd_portugal`.`concelho` (`id_concelho`, `nome`, `id_distrito`) VALUES (262, 'Penedono', 18);
INSERT INTO `bd_portugal`.`concelho` (`id_concelho`, `nome`, `id_distrito`) VALUES (263, 'Resende', 18);
INSERT INTO `bd_portugal`.`concelho` (`id_concelho`, `nome`, `id_distrito`) VALUES (264, 'Santa Comba Dão', 18);
INSERT INTO `bd_portugal`.`concelho` (`id_concelho`, `nome`, `id_distrito`) VALUES (265, 'São João da Pesqueira', 18);
INSERT INTO `bd_portugal`.`concelho` (`id_concelho`, `nome`, `id_distrito`) VALUES (266, 'São Pedro do Sul', 18);
INSERT INTO `bd_portugal`.`concelho` (`id_concelho`, `nome`, `id_distrito`) VALUES (267, 'Sátão', 18);
INSERT INTO `bd_portugal`.`concelho` (`id_concelho`, `nome`, `id_distrito`) VALUES (268, 'Sernancelhe', 18);
INSERT INTO `bd_portugal`.`concelho` (`id_concelho`, `nome`, `id_distrito`) VALUES (269, 'Tabuaço', 18);
INSERT INTO `bd_portugal`.`concelho` (`id_concelho`, `nome`, `id_distrito`) VALUES (270, 'Tarouca', 18);
INSERT INTO `bd_portugal`.`concelho` (`id_concelho`, `nome`, `id_distrito`) VALUES (271, 'Tondela', 18);
INSERT INTO `bd_portugal`.`concelho` (`id_concelho`, `nome`, `id_distrito`) VALUES (272, 'Vila Nova de Paiva', 18);
INSERT INTO `bd_portugal`.`concelho` (`id_concelho`, `nome`, `id_distrito`) VALUES (273, 'Viseu', 18);
INSERT INTO `bd_portugal`.`concelho` (`id_concelho`, `nome`, `id_distrito`) VALUES (274, 'Vouzela', 18);
INSERT INTO `bd_portugal`.`concelho` (`id_concelho`, `nome`, `id_distrito`) VALUES (275, 'Armamar', 18);
INSERT INTO `bd_portugal`.`concelho` (`id_concelho`, `nome`, `id_distrito`) VALUES (276, 'Carregal do Sal', 18);
INSERT INTO `bd_portugal`.`concelho` (`id_concelho`, `nome`, `id_distrito`) VALUES (277, 'Castro Daire', 18);
INSERT INTO `bd_portugal`.`concelho` (`id_concelho`, `nome`, `id_distrito`) VALUES (278, 'Cinfães', 18);
COMMIT;

-- -----------------------------------------------------
-- Data for table `bd_portugal`.`freguesia`
-- -----------------------------------------------------
START TRANSACTION;
USE `bd_portugal`;
INSERT INTO `bd_portugal`.`freguesia` (`id_freguesia`, `nome`, `url`, `id_concelho`) VALUES (1, 'Bonfim', 'http://www.jfbonfim.pt/', 185);
INSERT INTO `bd_portugal`.`freguesia` (`id_freguesia`, `nome`, `url`, `id_concelho`) VALUES (2, 'Campanhã', 'https://www.campanha.net/', 185);
INSERT INTO `bd_portugal`.`freguesia` (`id_freguesia`, `nome`, `url`, `id_concelho`) VALUES (3, 'Paranhos', 'https://www.jfparanhos-porto.pt/', 185);
INSERT INTO `bd_portugal`.`freguesia` (`id_freguesia`, `nome`, `url`, `id_concelho`) VALUES (4, 'Ramalde', 'https://www.jf-ramalde.pt/', 185);
INSERT INTO `bd_portugal`.`freguesia` (`id_freguesia`, `nome`, `url`, `id_concelho`) VALUES (5, 'União das freguesias de Aldoar, Foz do Douro e Nevogilde', 'http://www.aldoarfoznevogilde.pt/', 185);
INSERT INTO `bd_portugal`.`freguesia` (`id_freguesia`, `nome`, `url`, `id_concelho`) VALUES (6, 'União das freguesias de Cedofeita, Santo Ildefonso, Sé, Miragaia, São Nicolau e Vitória', 'http://www.uf-centrohistoricodoporto.pt/', 185);
INSERT INTO `bd_portugal`.`freguesia` (`id_freguesia`, `nome`, `url`, `id_concelho`) VALUES (7, 'União das freguesias de Lordelo do Ouro e Massarelos', 'https://www.uf-lordeloouromassarelos.pt/', 185);
INSERT INTO `bd_portugal`.`freguesia` (`id_freguesia`, `nome`, `url`, `id_concelho`) VALUES (8, 'União das freguesias de Custóias, Leça do Balio e Guifões', 'http://www.jf-custoias-lecabalio-guifoes.pt/', 181);
INSERT INTO `bd_portugal`.`freguesia` (`id_freguesia`, `nome`, `url`, `id_concelho`) VALUES (9, 'União das freguesias de Matosinhos e Leça da Palmeira', 'http://www.jf-matosinhoslecapalmeira.pt/', 181);
INSERT INTO `bd_portugal`.`freguesia` (`id_freguesia`, `nome`, `url`, `id_concelho`) VALUES (10, 'União das freguesias de Perafita, Lavra e Santa Cruz do Bispo', 'https://www.perafita-lavra-santacruzbispo.pt/', 181);
INSERT INTO `bd_portugal`.`freguesia` (`id_freguesia`, `nome`, `url`, `id_concelho`) VALUES (11, 'União das freguesias de São Mamede de Infesta e Senhora da Hora', 'https://www.uf-smish.pt/', 181);
INSERT INTO `bd_portugal`.`freguesia` (`id_freguesia`, `nome`, `url`, `id_concelho`) VALUES (12, 'Agrela', '_', 187);
INSERT INTO `bd_portugal`.`freguesia` (`id_freguesia`, `nome`, `url`, `id_concelho`) VALUES (13, 'Água Longa', 'https://jfagualonga.pt/', 187);
INSERT INTO `bd_portugal`.`freguesia` (`id_freguesia`, `nome`, `url`, `id_concelho`) VALUES (14, 'Aves', 'http://www.jf-viladasaves.pt/', 187);
INSERT INTO `bd_portugal`.`freguesia` (`id_freguesia`, `nome`, `url`, `id_concelho`) VALUES (15, 'Monte Córdova', '_', 187);
INSERT INTO `bd_portugal`.`freguesia` (`id_freguesia`, `nome`, `url`, `id_concelho`) VALUES (16, 'Rebordões', '_', 187);
INSERT INTO `bd_portugal`.`freguesia` (`id_freguesia`, `nome`, `url`, `id_concelho`) VALUES (17, 'Reguenga', 'https://www.jf-reguenga.pt/', 187);
INSERT INTO `bd_portugal`.`freguesia` (`id_freguesia`, `nome`, `url`, `id_concelho`) VALUES (18, 'Roriz', 'http://www.jf-roriz.pt/', 187);
INSERT INTO `bd_portugal`.`freguesia` (`id_freguesia`, `nome`, `url`, `id_concelho`) VALUES (19, 'Negrelos (São Tomé)', 'http://www.jf-negrelos.pt/', 187);
INSERT INTO `bd_portugal`.`freguesia` (`id_freguesia`, `nome`, `url`, `id_concelho`) VALUES (20, 'Vilarinho', 'http://jfvilarinho.pt/', 187);
INSERT INTO `bd_portugal`.`freguesia` (`id_freguesia`, `nome`, `url`, `id_concelho`) VALUES (21, 'União das freguesias de Areias, Sequeiró, Lama e Palmeira', 'https://alemriosts.pt/', 187);
INSERT INTO `bd_portugal`.`freguesia` (`id_freguesia`, `nome`, `url`, `id_concelho`) VALUES (22, 'Vila Nova do Campo', 'http://www.vilanovadocampo.pt/', 187);
INSERT INTO `bd_portugal`.`freguesia` (`id_freguesia`, `nome`, `url`, `id_concelho`) VALUES (23, 'União das freguesias de Carreira e Refojos de Riba de Ave', 'http://jfcarreirarefojos.pt/', 187);
INSERT INTO `bd_portugal`.`freguesia` (`id_freguesia`, `nome`, `url`, `id_concelho`) VALUES (24, 'União das freguesias de Lamelas e Guimarei', '_', 187);
INSERT INTO `bd_portugal`.`freguesia` (`id_freguesia`, `nome`, `url`, `id_concelho`) VALUES (25, 'União das freguesias de Santo Tirso, Couto (Santa Cristina e São Miguel) e Burgães', 'http://www.jf-santotirso.pt/', 187);
INSERT INTO `bd_portugal`.`freguesia` (`id_freguesia`, `nome`, `url`, `id_concelho`) VALUES (26, 'Ansiães', 'https://www.ansiaes.pt/', 192);
INSERT INTO `bd_portugal`.`freguesia` (`id_freguesia`, `nome`, `url`, `id_concelho`) VALUES (27, 'Candemil', 'https://junta-de-freguesia-de-candemil.webnode.pt/', 192);
INSERT INTO `bd_portugal`.`freguesia` (`id_freguesia`, `nome`, `url`, `id_concelho`) VALUES (28, 'Fregim', 'https://www.fregim.jfreguesia.com/', 192);
INSERT INTO `bd_portugal`.`freguesia` (`id_freguesia`, `nome`, `url`, `id_concelho`) VALUES (29, 'Fridão', 'https://juntafreguesiafridao.wordpress.com/', 192);
INSERT INTO `bd_portugal`.`freguesia` (`id_freguesia`, `nome`, `url`, `id_concelho`) VALUES (30, 'Gondar', 'http://www.jfgondar.pt/', 192);
INSERT INTO `bd_portugal`.`freguesia` (`id_freguesia`, `nome`, `url`, `id_concelho`) VALUES (31, 'Jazente', '_', 192);
INSERT INTO `bd_portugal`.`freguesia` (`id_freguesia`, `nome`, `url`, `id_concelho`) VALUES (32, 'Lomba', '_', 192);
INSERT INTO `bd_portugal`.`freguesia` (`id_freguesia`, `nome`, `url`, `id_concelho`) VALUES (33, 'Louredo', 'https://freguesia-de-louredo.webnode.pt/', 192);
INSERT INTO `bd_portugal`.`freguesia` (`id_freguesia`, `nome`, `url`, `id_concelho`) VALUES (34, 'Lufrei', '_', 192);
INSERT INTO `bd_portugal`.`freguesia` (`id_freguesia`, `nome`, `url`, `id_concelho`) VALUES (35, 'Mancelos', 'https://mancelos.jfreguesia.com/', 192);
INSERT INTO `bd_portugal`.`freguesia` (`id_freguesia`, `nome`, `url`, `id_concelho`) VALUES (36, 'Padronelo', 'https://www.padronelo.pt/', 192);
INSERT INTO `bd_portugal`.`freguesia` (`id_freguesia`, `nome`, `url`, `id_concelho`) VALUES (37, 'Rebordelo', 'http://jfrebordelo.pt/', 192);
INSERT INTO `bd_portugal`.`freguesia` (`id_freguesia`, `nome`, `url`, `id_concelho`) VALUES (38, 'Salvador do Monte', '_', 192);
INSERT INTO `bd_portugal`.`freguesia` (`id_freguesia`, `nome`, `url`, `id_concelho`) VALUES (39, 'Gouveia (São Simão)', '_', 192);
INSERT INTO `bd_portugal`.`freguesia` (`id_freguesia`, `nome`, `url`, `id_concelho`) VALUES (40, 'Telões', '_', 192);
INSERT INTO `bd_portugal`.`freguesia` (`id_freguesia`, `nome`, `url`, `id_concelho`) VALUES (41, 'Travanca', '_', 192);
INSERT INTO `bd_portugal`.`freguesia` (`id_freguesia`, `nome`, `url`, `id_concelho`) VALUES (42, 'Vila Caiz', 'https://www.vilacaiz.pt/', 192);
INSERT INTO `bd_portugal`.`freguesia` (`id_freguesia`, `nome`, `url`, `id_concelho`) VALUES (43, 'Vila Chã do Marão', '_', 192);
INSERT INTO `bd_portugal`.`freguesia` (`id_freguesia`, `nome`, `url`, `id_concelho`) VALUES (44, 'União das freguesias de Aboadela, Sanche e Várzea', 'https://www.aboadelasanchevarzea.pt/', 192);
INSERT INTO `bd_portugal`.`freguesia` (`id_freguesia`, `nome`, `url`, `id_concelho`) VALUES (45, 'União das freguesias de Amarante (São Gonçalo), Madalena, Cepelos e Gatão', '_', 192);
INSERT INTO `bd_portugal`.`freguesia` (`id_freguesia`, `nome`, `url`, `id_concelho`) VALUES (46, 'União das freguesias de Bustelo, Carneiro e Carvalho de Rei', 'http://www.jf-bustelo-carneiro-crei.pt/', 192);
INSERT INTO `bd_portugal`.`freguesia` (`id_freguesia`, `nome`, `url`, `id_concelho`) VALUES (47, 'União das freguesias de Figueiró (Santiago e Santa Cristina)', 'https://uniaodefreguesiasdefigueiro.pt/', 192);
INSERT INTO `bd_portugal`.`freguesia` (`id_freguesia`, `nome`, `url`, `id_concelho`) VALUES (48, 'União das freguesias de Freixo de Cima e de Baixo', 'https://jf-freixo-amarante.pt/', 192);
INSERT INTO `bd_portugal`.`freguesia` (`id_freguesia`, `nome`, `url`, `id_concelho`) VALUES (49, 'União das freguesias de Olo e Canadelo', 'http://oloecanadelo.pt/', 192);
INSERT INTO `bd_portugal`.`freguesia` (`id_freguesia`, `nome`, `url`, `id_concelho`) VALUES (50, 'Vila Meã', 'https://www.facebook.com/jfvilamea/', 192);
INSERT INTO `bd_portugal`.`freguesia` (`id_freguesia`, `nome`, `url`, `id_concelho`) VALUES (51, 'União das freguesias de Vila Garcia, Aboim e Chapa', '_', 192);
INSERT INTO `bd_portugal`.`freguesia` (`id_freguesia`, `nome`, `url`, `id_concelho`) VALUES (52, 'Frende', 'https://www.jf-frende.pt/', 193);
INSERT INTO `bd_portugal`.`freguesia` (`id_freguesia`, `nome`, `url`, `id_concelho`) VALUES (53, 'Gestaçô', '_', 193);
INSERT INTO `bd_portugal`.`freguesia` (`id_freguesia`, `nome`, `url`, `id_concelho`) VALUES (54, 'Gove', 'http://gove.freguesias.pt/', 193);
INSERT INTO `bd_portugal`.`freguesia` (`id_freguesia`, `nome`, `url`, `id_concelho`) VALUES (55, 'Grilo', 'http://www.jf-grilo.pt/', 193);
INSERT INTO `bd_portugal`.`freguesia` (`id_freguesia`, `nome`, `url`, `id_concelho`) VALUES (56, 'Loivos do Monte', 'https://loivosdomonte.freguesias.pt/', 193);
INSERT INTO `bd_portugal`.`freguesia` (`id_freguesia`, `nome`, `url`, `id_concelho`) VALUES (57, 'Santa Marinha do Zêzere', '_', 193);
INSERT INTO `bd_portugal`.`freguesia` (`id_freguesia`, `nome`, `url`, `id_concelho`) VALUES (58, 'Valadares', 'https://jfvaladaresbaiao.wordpress.com/', 193);
INSERT INTO `bd_portugal`.`freguesia` (`id_freguesia`, `nome`, `url`, `id_concelho`) VALUES (59, 'Viariz', '_', 193);
INSERT INTO `bd_portugal`.`freguesia` (`id_freguesia`, `nome`, `url`, `id_concelho`) VALUES (60, 'União das freguesias de Ancede e Ribadouro', '_', 193);
INSERT INTO `bd_portugal`.`freguesia` (`id_freguesia`, `nome`, `url`, `id_concelho`) VALUES (61, 'União das freguesias de Baião (Santa Leocádia) e Mesquinhata', '_', 193);
INSERT INTO `bd_portugal`.`freguesia` (`id_freguesia`, `nome`, `url`, `id_concelho`) VALUES (62, 'União das freguesias de Campelo e Ovil', 'http://fregcampeloeovil.net/', 193);
INSERT INTO `bd_portugal`.`freguesia` (`id_freguesia`, `nome`, `url`, `id_concelho`) VALUES (63, 'União das freguesias de Loivos da Ribeira e Tresouras', 'https://www.jf-loivosdaribeiraetresouras.pt/', 193);
INSERT INTO `bd_portugal`.`freguesia` (`id_freguesia`, `nome`, `url`, `id_concelho`) VALUES (64, 'União das freguesias de Santa Cruz do Douro e São Tomé de Covelas', 'http://santacruzdodouro.freguesias.pt/', 193);
INSERT INTO `bd_portugal`.`freguesia` (`id_freguesia`, `nome`, `url`, `id_concelho`) VALUES (65, 'União das freguesias de Teixeira e Teixeiró', '_', 193);
INSERT INTO `bd_portugal`.`freguesia` (`id_freguesia`, `nome`, `url`, `id_concelho`) VALUES (66, 'Aião', 'http://www.aiao.pt/', 194);
INSERT INTO `bd_portugal`.`freguesia` (`id_freguesia`, `nome`, `url`, `id_concelho`) VALUES (67, 'Airães', 'http://www.airaes.pt/', 194);
INSERT INTO `bd_portugal`.`freguesia` (`id_freguesia`, `nome`, `url`, `id_concelho`) VALUES (68, 'Friande', '_', 194);
INSERT INTO `bd_portugal`.`freguesia` (`id_freguesia`, `nome`, `url`, `id_concelho`) VALUES (69, 'Idães', '_', 194);
INSERT INTO `bd_portugal`.`freguesia` (`id_freguesia`, `nome`, `url`, `id_concelho`) VALUES (70, 'Jugueiros', 'https://www.jugueiros.pt/', 194);
INSERT INTO `bd_portugal`.`freguesia` (`id_freguesia`, `nome`, `url`, `id_concelho`) VALUES (71, 'Penacova', 'https://freguesiadepenacova.pt/', 194);
INSERT INTO `bd_portugal`.`freguesia` (`id_freguesia`, `nome`, `url`, `id_concelho`) VALUES (72, 'Pinheiro', '_', 194);
INSERT INTO `bd_portugal`.`freguesia` (`id_freguesia`, `nome`, `url`, `id_concelho`) VALUES (73, 'Pombeiro de Ribavizela', '_', 194);
INSERT INTO `bd_portugal`.`freguesia` (`id_freguesia`, `nome`, `url`, `id_concelho`) VALUES (74, 'Refontoura', '_', 194);
INSERT INTO `bd_portugal`.`freguesia` (`id_freguesia`, `nome`, `url`, `id_concelho`) VALUES (75, 'Regilde', '_', 194);
INSERT INTO `bd_portugal`.`freguesia` (`id_freguesia`, `nome`, `url`, `id_concelho`) VALUES (76, 'Revinhade', '_', 194);
INSERT INTO `bd_portugal`.`freguesia` (`id_freguesia`, `nome`, `url`, `id_concelho`) VALUES (77, 'Sendim', 'http://www.jf-sendim.pt/', 194);
INSERT INTO `bd_portugal`.`freguesia` (`id_freguesia`, `nome`, `url`, `id_concelho`) VALUES (78, 'União das freguesias de Macieira da Lixa e Caramos', 'https://macieiradalixa-caramos.pt/', 194);
INSERT INTO `bd_portugal`.`freguesia` (`id_freguesia`, `nome`, `url`, `id_concelho`) VALUES (79, 'União das freguesias de Margaride (Santa Eulália), Várzea, Lagares, Varziela e Moure', 'http://mvlvm.freguesia.pt/', 194);
INSERT INTO `bd_portugal`.`freguesia` (`id_freguesia`, `nome`, `url`, `id_concelho`) VALUES (80, 'União das freguesias de Pedreira, Rande e Sernande', 'http://www.pedreirarandesernande.pt/', 194);
INSERT INTO `bd_portugal`.`freguesia` (`id_freguesia`, `nome`, `url`, `id_concelho`) VALUES (81, 'União das freguesias de Torrados e Sousa', '_', 194);
INSERT INTO `bd_portugal`.`freguesia` (`id_freguesia`, `nome`, `url`, `id_concelho`) VALUES (82, 'União das freguesias de Unhão e Lordelo', '_', 194);
INSERT INTO `bd_portugal`.`freguesia` (`id_freguesia`, `nome`, `url`, `id_concelho`) VALUES (83, 'União das freguesias de Vila Cova da Lixa e Borba de Godim', 'https://vilacovadalixaeborbadegodim.pt/', 194);
INSERT INTO `bd_portugal`.`freguesia` (`id_freguesia`, `nome`, `url`, `id_concelho`) VALUES (84, 'União das freguesias de Vila Fria e Vizela (São Jorge)', 'https://sites.google.com/site/fregvilafriasjorge/', 194);
INSERT INTO `bd_portugal`.`freguesia` (`id_freguesia`, `nome`, `url`, `id_concelho`) VALUES (85, 'União das freguesias de Vila Verde e Santão', '_', 194);
INSERT INTO `bd_portugal`.`freguesia` (`id_freguesia`, `nome`, `url`, `id_concelho`) VALUES (86, 'Lomba', 'https://jf-lomba.pt/', 195);
INSERT INTO `bd_portugal`.`freguesia` (`id_freguesia`, `nome`, `url`, `id_concelho`) VALUES (87, 'Rio Tinto', 'https://www.riotinto.pt/', 195);
INSERT INTO `bd_portugal`.`freguesia` (`id_freguesia`, `nome`, `url`, `id_concelho`) VALUES (88, 'Baguim do Monte (Rio Tinto)', 'http://www.jf-baguimdomonte.pt/', 195);
INSERT INTO `bd_portugal`.`freguesia` (`id_freguesia`, `nome`, `url`, `id_concelho`) VALUES (89, 'União das freguesias de Fânzeres e São Pedro da Cova', 'https://www.fanzeres-saopedrodacova.pt/', 195);
INSERT INTO `bd_portugal`.`freguesia` (`id_freguesia`, `nome`, `url`, `id_concelho`) VALUES (90, 'União das freguesias de Foz do Sousa e Covelo', '_', 195);
INSERT INTO `bd_portugal`.`freguesia` (`id_freguesia`, `nome`, `url`, `id_concelho`) VALUES (91, 'União das freguesias de Gondomar (São Cosme), Valbom e Jovim', 'https://www.uf-gvj.pt/', 195);
INSERT INTO `bd_portugal`.`freguesia` (`id_freguesia`, `nome`, `url`, `id_concelho`) VALUES (92, 'União das freguesias de Melres e Medas', 'http://www.melresmedas.pt/', 195);
INSERT INTO `bd_portugal`.`freguesia` (`id_freguesia`, `nome`, `url`, `id_concelho`) VALUES (93, 'Aveleda', 'https://jf-aveleda.pt/', 196);
INSERT INTO `bd_portugal`.`freguesia` (`id_freguesia`, `nome`, `url`, `id_concelho`) VALUES (94, 'Caíde de Rei', 'http://www.jf-caidederei.pt/', 196);
INSERT INTO `bd_portugal`.`freguesia` (`id_freguesia`, `nome`, `url`, `id_concelho`) VALUES (95, 'Lodares', 'http://www.lodares.pt/', 196);
INSERT INTO `bd_portugal`.`freguesia` (`id_freguesia`, `nome`, `url`, `id_concelho`) VALUES (96, 'Macieira', '_', 196);
INSERT INTO `bd_portugal`.`freguesia` (`id_freguesia`, `nome`, `url`, `id_concelho`) VALUES (97, 'Meinedo', 'https://jf-meinedo.pt/', 196);
INSERT INTO `bd_portugal`.`freguesia` (`id_freguesia`, `nome`, `url`, `id_concelho`) VALUES (98, 'Nevogilde', 'http://www.jfnevogilde.pt/', 196);
INSERT INTO `bd_portugal`.`freguesia` (`id_freguesia`, `nome`, `url`, `id_concelho`) VALUES (99, 'Sousela', 'http://www.sousela.pt/', 196);
INSERT INTO `bd_portugal`.`freguesia` (`id_freguesia`, `nome`, `url`, `id_concelho`) VALUES (100, 'Torno', 'https://www.vilasenhoraaparecida.com/', 196);
INSERT INTO `bd_portugal`.`freguesia` (`id_freguesia`, `nome`, `url`, `id_concelho`) VALUES (101, 'Vilar do Torno e Alentém', 'http://www.vilardotornoealentem.pt/', 196);
INSERT INTO `bd_portugal`.`freguesia` (`id_freguesia`, `nome`, `url`, `id_concelho`) VALUES (102, 'União das freguesias de Cernadelo e Lousada (São Miguel e Santa Margarida)', '_', 196);
INSERT INTO `bd_portugal`.`freguesia` (`id_freguesia`, `nome`, `url`, `id_concelho`) VALUES (103, 'União das freguesias de Cristelos, Boim e Ordem', '_', 196);
INSERT INTO `bd_portugal`.`freguesia` (`id_freguesia`, `nome`, `url`, `id_concelho`) VALUES (104, 'União das freguesias de Figueiras e Covas', '_', 196);
INSERT INTO `bd_portugal`.`freguesia` (`id_freguesia`, `nome`, `url`, `id_concelho`) VALUES (105, 'União das freguesias de Lustosa e Barrosas (Santo Estêvão)', '_', 196);
INSERT INTO `bd_portugal`.`freguesia` (`id_freguesia`, `nome`, `url`, `id_concelho`) VALUES (106, 'União das freguesias de Nespereira e Casais', '_', 196);
INSERT INTO `bd_portugal`.`freguesia` (`id_freguesia`, `nome`, `url`, `id_concelho`) VALUES (107, 'União das freguesias de Silvares, Pias, Nogueira e Alvarenga', 'http://www.spna.pt/', 196);
INSERT INTO `bd_portugal`.`freguesia` (`id_freguesia`, `nome`, `url`, `id_concelho`) VALUES (108, 'Águas Santas', 'http://www.jf-aguassantas.pt/pt/', 179);
INSERT INTO `bd_portugal`.`freguesia` (`id_freguesia`, `nome`, `url`, `id_concelho`) VALUES (109, 'Folgosa', 'http://www.jf-folgosadamaia.pt/', 179);
INSERT INTO `bd_portugal`.`freguesia` (`id_freguesia`, `nome`, `url`, `id_concelho`) VALUES (110, 'Milheirós', 'http://jfmilheiros.pt/', 179);
INSERT INTO `bd_portugal`.`freguesia` (`id_freguesia`, `nome`, `url`, `id_concelho`) VALUES (111, 'Moreira', 'http://www.jf-moreira.pt/', 179);
INSERT INTO `bd_portugal`.`freguesia` (`id_freguesia`, `nome`, `url`, `id_concelho`) VALUES (112, 'São Pedro Fins', 'http://www.saopedrofins.pt/', 179);
INSERT INTO `bd_portugal`.`freguesia` (`id_freguesia`, `nome`, `url`, `id_concelho`) VALUES (113, 'Vila Nova da Telha', 'https://juntavilanovadatelha.pt/', 179);
INSERT INTO `bd_portugal`.`freguesia` (`id_freguesia`, `nome`, `url`, `id_concelho`) VALUES (114, 'Pedrouços', 'https://jf-pedroucos.pt/', 179);
INSERT INTO `bd_portugal`.`freguesia` (`id_freguesia`, `nome`, `url`, `id_concelho`) VALUES (115, 'Castêlo da Maia', 'http://www.jfcastelodamaia.pt/', 179);
INSERT INTO `bd_portugal`.`freguesia` (`id_freguesia`, `nome`, `url`, `id_concelho`) VALUES (116, 'Cidade da Maia', 'http://www.jfcidadedamaia.pt/', 179);
INSERT INTO `bd_portugal`.`freguesia` (`id_freguesia`, `nome`, `url`, `id_concelho`) VALUES (117, 'Nogueira e Silva Escura', 'http://nogueiraesilvaescura.freguesias.pt/', 179);
INSERT INTO `bd_portugal`.`freguesia` (`id_freguesia`, `nome`, `url`, `id_concelho`) VALUES (118, 'Banho e Carvalhosa', 'https://www.jf-banhoecarvalhosa.pt/', 180);
INSERT INTO `bd_portugal`.`freguesia` (`id_freguesia`, `nome`, `url`, `id_concelho`) VALUES (119, 'Constance', '_', 180);
INSERT INTO `bd_portugal`.`freguesia` (`id_freguesia`, `nome`, `url`, `id_concelho`) VALUES (120, 'Soalhães', '_', 180);
INSERT INTO `bd_portugal`.`freguesia` (`id_freguesia`, `nome`, `url`, `id_concelho`) VALUES (121, 'Sobretâmega', '_', 180);
INSERT INTO `bd_portugal`.`freguesia` (`id_freguesia`, `nome`, `url`, `id_concelho`) VALUES (122, 'Tabuado', '_', 180);
INSERT INTO `bd_portugal`.`freguesia` (`id_freguesia`, `nome`, `url`, `id_concelho`) VALUES (123, 'Vila Boa do Bispo', 'https://www.jfvilaboadobispo.pt/', 180);
INSERT INTO `bd_portugal`.`freguesia` (`id_freguesia`, `nome`, `url`, `id_concelho`) VALUES (124, 'Alpendorada, Várzea e Torrão', 'https://www.jf-alpendorada.pt/', 180);
INSERT INTO `bd_portugal`.`freguesia` (`id_freguesia`, `nome`, `url`, `id_concelho`) VALUES (125, 'Avessadas e Rosém', '_', 180);
INSERT INTO `bd_portugal`.`freguesia` (`id_freguesia`, `nome`, `url`, `id_concelho`) VALUES (126, 'Bem Viver', 'https://www.jfbemviver.pt/', 180);
INSERT INTO `bd_portugal`.`freguesia` (`id_freguesia`, `nome`, `url`, `id_concelho`) VALUES (127, 'Santo Isidoro e Livração', '_', 180);
INSERT INTO `bd_portugal`.`freguesia` (`id_freguesia`, `nome`, `url`, `id_concelho`) VALUES (128, 'Marco', 'http://www.jfmarco.pt/', 180);
INSERT INTO `bd_portugal`.`freguesia` (`id_freguesia`, `nome`, `url`, `id_concelho`) VALUES (129, 'Paredes de Viadores e Manhuncelos', 'https://www.jf-pvm.pt/', 180);
INSERT INTO `bd_portugal`.`freguesia` (`id_freguesia`, `nome`, `url`, `id_concelho`) VALUES (130, 'Penha Longa e Paços de Gaiolo', '_', 180);
INSERT INTO `bd_portugal`.`freguesia` (`id_freguesia`, `nome`, `url`, `id_concelho`) VALUES (131, 'Sande e São Lourenço do Douro', '_', 180);
INSERT INTO `bd_portugal`.`freguesia` (`id_freguesia`, `nome`, `url`, `id_concelho`) VALUES (132, 'Várzea, Aliviada e Folhada', '_', 180);
INSERT INTO `bd_portugal`.`freguesia` (`id_freguesia`, `nome`, `url`, `id_concelho`) VALUES (133, 'Vila Boa de Quires e Maureles', '_', 180);
INSERT INTO `bd_portugal`.`freguesia` (`id_freguesia`, `nome`, `url`, `id_concelho`) VALUES (134, 'Carvalhosa', 'https://www.jfcarvalhosa.pt/', 182);
INSERT INTO `bd_portugal`.`freguesia` (`id_freguesia`, `nome`, `url`, `id_concelho`) VALUES (135, 'Eiriz', 'http://www.eiriz.pt/', 182);
INSERT INTO `bd_portugal`.`freguesia` (`id_freguesia`, `nome`, `url`, `id_concelho`) VALUES (136, 'Ferreira', 'http://www.freguesiadeferreira.pt/', 182);
INSERT INTO `bd_portugal`.`freguesia` (`id_freguesia`, `nome`, `url`, `id_concelho`) VALUES (137, 'Figueiró', '_', 182);
INSERT INTO `bd_portugal`.`freguesia` (`id_freguesia`, `nome`, `url`, `id_concelho`) VALUES (138, 'Freamunde', 'https://www.jf-freamunde.pt/', 182);
INSERT INTO `bd_portugal`.`freguesia` (`id_freguesia`, `nome`, `url`, `id_concelho`) VALUES (139, 'Meixomil', 'https://www.meixomil.pt/', 182);
INSERT INTO `bd_portugal`.`freguesia` (`id_freguesia`, `nome`, `url`, `id_concelho`) VALUES (140, 'Penamaior', 'https://www.penamaior.pt/', 182);
INSERT INTO `bd_portugal`.`freguesia` (`id_freguesia`, `nome`, `url`, `id_concelho`) VALUES (141, 'Raimonda', '_', 182);
INSERT INTO `bd_portugal`.`freguesia` (`id_freguesia`, `nome`, `url`, `id_concelho`) VALUES (142, 'Seroa', 'https://www.seroa.pt/', 182);
INSERT INTO `bd_portugal`.`freguesia` (`id_freguesia`, `nome`, `url`, `id_concelho`) VALUES (143, 'Frazão Arreigada', 'https://www.jf-frazaoarreigada.pt/', 182);
INSERT INTO `bd_portugal`.`freguesia` (`id_freguesia`, `nome`, `url`, `id_concelho`) VALUES (144, 'Paços de Ferreira', 'https://www.jf-pacosdeferreira.pt/', 182);
INSERT INTO `bd_portugal`.`freguesia` (`id_freguesia`, `nome`, `url`, `id_concelho`) VALUES (145, 'Sanfins Lamoso Codessos', 'https://sanfinslamosocodessos.pt/', 182);
INSERT INTO `bd_portugal`.`freguesia` (`id_freguesia`, `nome`, `url`, `id_concelho`) VALUES (146, 'Aguiar de Sousa', '_', 183);
INSERT INTO `bd_portugal`.`freguesia` (`id_freguesia`, `nome`, `url`, `id_concelho`) VALUES (147, 'Astromil', '_', 183);
INSERT INTO `bd_portugal`.`freguesia` (`id_freguesia`, `nome`, `url`, `id_concelho`) VALUES (148, 'Baltar', 'http://www.jf-baltar.pt/', 183);
INSERT INTO `bd_portugal`.`freguesia` (`id_freguesia`, `nome`, `url`, `id_concelho`) VALUES (149, 'Beire', '_', 183);
INSERT INTO `bd_portugal`.`freguesia` (`id_freguesia`, `nome`, `url`, `id_concelho`) VALUES (150, 'Cete', 'https://www.jf-cete.com/', 183);
INSERT INTO `bd_portugal`.`freguesia` (`id_freguesia`, `nome`, `url`, `id_concelho`) VALUES (151, 'Cristelo', 'http://www.cristelo.pt/', 183);
INSERT INTO `bd_portugal`.`freguesia` (`id_freguesia`, `nome`, `url`, `id_concelho`) VALUES (152, 'Duas Igrejas', 'http://www.jf-duasigrejas.pt/', 183);
INSERT INTO `bd_portugal`.`freguesia` (`id_freguesia`, `nome`, `url`, `id_concelho`) VALUES (153, 'Gandra', 'http://www.jf-gandra.pt/', 183);
INSERT INTO `bd_portugal`.`freguesia` (`id_freguesia`, `nome`, `url`, `id_concelho`) VALUES (154, 'Lordelo', 'https://cidadelordelo.pt/', 183);
INSERT INTO `bd_portugal`.`freguesia` (`id_freguesia`, `nome`, `url`, `id_concelho`) VALUES (155, 'Louredo', 'http://louredo.freguesia.pt/', 183);
INSERT INTO `bd_portugal`.`freguesia` (`id_freguesia`, `nome`, `url`, `id_concelho`) VALUES (156, 'Parada de Todeia', '_', 183);
INSERT INTO `bd_portugal`.`freguesia` (`id_freguesia`, `nome`, `url`, `id_concelho`) VALUES (157, 'Rebordosa', 'http://www.jf-rebordosa.pt/', 183);
INSERT INTO `bd_portugal`.`freguesia` (`id_freguesia`, `nome`, `url`, `id_concelho`) VALUES (158, 'Recarei', 'https://jfrecarei.pt/', 183);
INSERT INTO `bd_portugal`.`freguesia` (`id_freguesia`, `nome`, `url`, `id_concelho`) VALUES (159, 'Sobreira', 'http://www.jfsobreira.pt/', 183);
INSERT INTO `bd_portugal`.`freguesia` (`id_freguesia`, `nome`, `url`, `id_concelho`) VALUES (160, 'Sobrosa', 'http://www.sobrosa.pt/', 183);
INSERT INTO `bd_portugal`.`freguesia` (`id_freguesia`, `nome`, `url`, `id_concelho`) VALUES (161, 'Vandoma', '_', 183);
INSERT INTO `bd_portugal`.`freguesia` (`id_freguesia`, `nome`, `url`, `id_concelho`) VALUES (162, 'Vilela', 'https://www.vilela.pt/', 183);
INSERT INTO `bd_portugal`.`freguesia` (`id_freguesia`, `nome`, `url`, `id_concelho`) VALUES (163, 'Paredes', 'http://www.freguesiadeparedes.pt/', 184);
INSERT INTO `bd_portugal`.`freguesia` (`id_freguesia`, `nome`, `url`, `id_concelho`) VALUES (164, 'Abragão', '_', 184);
INSERT INTO `bd_portugal`.`freguesia` (`id_freguesia`, `nome`, `url`, `id_concelho`) VALUES (165, 'Boelhe', '_', 184);
INSERT INTO `bd_portugal`.`freguesia` (`id_freguesia`, `nome`, `url`, `id_concelho`) VALUES (166, 'Bustelo', '_', 184);
INSERT INTO `bd_portugal`.`freguesia` (`id_freguesia`, `nome`, `url`, `id_concelho`) VALUES (167, 'Cabeça Santa', '_', 184);
INSERT INTO `bd_portugal`.`freguesia` (`id_freguesia`, `nome`, `url`, `id_concelho`) VALUES (168, 'Canelas', 'http://www.jf-canelas.pt/', 184);
INSERT INTO `bd_portugal`.`freguesia` (`id_freguesia`, `nome`, `url`, `id_concelho`) VALUES (169, 'Capela', 'http://www.capela.pt/', 184);
INSERT INTO `bd_portugal`.`freguesia` (`id_freguesia`, `nome`, `url`, `id_concelho`) VALUES (170, 'Castelões', 'https://www.jf-casteloes.pt/', 184);
INSERT INTO `bd_portugal`.`freguesia` (`id_freguesia`, `nome`, `url`, `id_concelho`) VALUES (171, 'Croca', 'https://www.jfcroca.pt/JUNTA', 184);
INSERT INTO `bd_portugal`.`freguesia` (`id_freguesia`, `nome`, `url`, `id_concelho`) VALUES (172, 'Duas Igrejas', 'http://www.jf-duasigrejas.pt/pt/', 184);
INSERT INTO `bd_portugal`.`freguesia` (`id_freguesia`, `nome`, `url`, `id_concelho`) VALUES (173, 'Eja', '_', 184);
INSERT INTO `bd_portugal`.`freguesia` (`id_freguesia`, `nome`, `url`, `id_concelho`) VALUES (174, 'Fonte Arcada', 'https://www.jf-fontearcada.pt/', 184);
INSERT INTO `bd_portugal`.`freguesia` (`id_freguesia`, `nome`, `url`, `id_concelho`) VALUES (175, 'Galegos', 'http://www.galegos.pt/', 184);
INSERT INTO `bd_portugal`.`freguesia` (`id_freguesia`, `nome`, `url`, `id_concelho`) VALUES (176, 'Irivo', '_', 184);
INSERT INTO `bd_portugal`.`freguesia` (`id_freguesia`, `nome`, `url`, `id_concelho`) VALUES (177, 'Oldrões', 'http://www.oldroes.pt/', 184);
INSERT INTO `bd_portugal`.`freguesia` (`id_freguesia`, `nome`, `url`, `id_concelho`) VALUES (178, 'Paço de Sousa', 'http://www.jf-pacodesousa.pt/', 184);
INSERT INTO `bd_portugal`.`freguesia` (`id_freguesia`, `nome`, `url`, `id_concelho`) VALUES (179, 'Perozelo', 'https://www.peroselo.pt/', 184);
INSERT INTO `bd_portugal`.`freguesia` (`id_freguesia`, `nome`, `url`, `id_concelho`) VALUES (180, 'Rans', 'http://www.jf-rans.pt/', 184);
INSERT INTO `bd_portugal`.`freguesia` (`id_freguesia`, `nome`, `url`, `id_concelho`) VALUES (181, 'Rio de Moinhos', 'https://www.vilariodemoinhos.pt/', 184);
INSERT INTO `bd_portugal`.`freguesia` (`id_freguesia`, `nome`, `url`, `id_concelho`) VALUES (182, 'Recezinhos (São Mamede)', '_', 184);
INSERT INTO `bd_portugal`.`freguesia` (`id_freguesia`, `nome`, `url`, `id_concelho`) VALUES (183, 'Recezinhos (São Martinho)', '_', 184);
INSERT INTO `bd_portugal`.`freguesia` (`id_freguesia`, `nome`, `url`, `id_concelho`) VALUES (184, 'Sebolido', 'https://www.sebolido.pt/', 184);
INSERT INTO `bd_portugal`.`freguesia` (`id_freguesia`, `nome`, `url`, `id_concelho`) VALUES (185, 'Valpedre', '_', 184);
INSERT INTO `bd_portugal`.`freguesia` (`id_freguesia`, `nome`, `url`, `id_concelho`) VALUES (186, 'Rio Mau', 'http://www.jf-riomau.pt/', 184);
INSERT INTO `bd_portugal`.`freguesia` (`id_freguesia`, `nome`, `url`, `id_concelho`) VALUES (187, 'Penafiel', 'https://freguesiadepenafiel.pt/', 184);
INSERT INTO `bd_portugal`.`freguesia` (`id_freguesia`, `nome`, `url`, `id_concelho`) VALUES (188, 'Luzim e Vila Cova', 'https://www.luzimvilacova.pt/site/', 184);
INSERT INTO `bd_portugal`.`freguesia` (`id_freguesia`, `nome`, `url`, `id_concelho`) VALUES (189, 'Guilhufe e Urrô', 'https://www.jf-guilhufeurro.com/', 184);
INSERT INTO `bd_portugal`.`freguesia` (`id_freguesia`, `nome`, `url`, `id_concelho`) VALUES (190, 'Lagares e Figueira', 'http://lagaresefigueira.freguesias.pt/', 184);
INSERT INTO `bd_portugal`.`freguesia` (`id_freguesia`, `nome`, `url`, `id_concelho`) VALUES (191, 'Termas de São Vicente', 'https://www.termassvicente.pt/', 184);
INSERT INTO `bd_portugal`.`freguesia` (`id_freguesia`, `nome`, `url`, `id_concelho`) VALUES (192, 'Balazar', 'https://juntafreguesiabalasar.pt/', 186);
INSERT INTO `bd_portugal`.`freguesia` (`id_freguesia`, `nome`, `url`, `id_concelho`) VALUES (193, 'Estela', 'https://jf-estela.pt/', 186);
INSERT INTO `bd_portugal`.`freguesia` (`id_freguesia`, `nome`, `url`, `id_concelho`) VALUES (194, 'Laundos', '_', 186);
INSERT INTO `bd_portugal`.`freguesia` (`id_freguesia`, `nome`, `url`, `id_concelho`) VALUES (195, 'Rates', 'http://jf-estela.pt/', 186);
INSERT INTO `bd_portugal`.`freguesia` (`id_freguesia`, `nome`, `url`, `id_concelho`) VALUES (196, 'União das freguesias de Aver-o-Mar, Amorim e Terroso', 'http://www.jfavm.pt/', 186);
INSERT INTO `bd_portugal`.`freguesia` (`id_freguesia`, `nome`, `url`, `id_concelho`) VALUES (197, 'União das freguesias de Aguçadoura e Navais', 'http://www.uf-agucadouraenavais.pt/', 186);
INSERT INTO `bd_portugal`.`freguesia` (`id_freguesia`, `nome`, `url`, `id_concelho`) VALUES (198, 'União das freguesias da Póvoa de Varzim, Beiriz e Argivai', 'https://www.povoabeirizargivai.pt/', 186);
INSERT INTO `bd_portugal`.`freguesia` (`id_freguesia`, `nome`, `url`, `id_concelho`) VALUES (199, 'Alfena', 'http://www.freguesiadealfena.pt/', 188);
INSERT INTO `bd_portugal`.`freguesia` (`id_freguesia`, `nome`, `url`, `id_concelho`) VALUES (200, 'Ermesinde', 'http://www.jf-ermesinde.pt/', 188);
INSERT INTO `bd_portugal`.`freguesia` (`id_freguesia`, `nome`, `url`, `id_concelho`) VALUES (201, 'Valongo', 'https://www.jf-valongo.pt/', 188);
INSERT INTO `bd_portugal`.`freguesia` (`id_freguesia`, `nome`, `url`, `id_concelho`) VALUES (202, 'União das freguesias de Campo e Sobrado', 'https://www.jf-campoesobrado.pt/', 188);
INSERT INTO `bd_portugal`.`freguesia` (`id_freguesia`, `nome`, `url`, `id_concelho`) VALUES (203, 'Árvore', '_', 189);
INSERT INTO `bd_portugal`.`freguesia` (`id_freguesia`, `nome`, `url`, `id_concelho`) VALUES (204, 'Aveleda', '_', 189);
INSERT INTO `bd_portugal`.`freguesia` (`id_freguesia`, `nome`, `url`, `id_concelho`) VALUES (205, 'Azurara', '_', 189);
INSERT INTO `bd_portugal`.`freguesia` (`id_freguesia`, `nome`, `url`, `id_concelho`) VALUES (206, 'Fajozes', 'https://freguesiadefajozes.webnode.pt/', 189);
INSERT INTO `bd_portugal`.`freguesia` (`id_freguesia`, `nome`, `url`, `id_concelho`) VALUES (207, 'Gião', 'http://giao.freguesias.pt/', 189);
INSERT INTO `bd_portugal`.`freguesia` (`id_freguesia`, `nome`, `url`, `id_concelho`) VALUES (208, 'Guilhabreu', 'https://www.guilhabreu.pt/', 189);
INSERT INTO `bd_portugal`.`freguesia` (`id_freguesia`, `nome`, `url`, `id_concelho`) VALUES (209, 'Junqueira', 'https://www.jf-junqueira.pt/', 189);
INSERT INTO `bd_portugal`.`freguesia` (`id_freguesia`, `nome`, `url`, `id_concelho`) VALUES (210, 'Labruge', 'https://jflabruge.com/', 189);
INSERT INTO `bd_portugal`.`freguesia` (`id_freguesia`, `nome`, `url`, `id_concelho`) VALUES (211, 'Macieira da Maia', 'https://jf-macieiradamaia.pt/', 189);
INSERT INTO `bd_portugal`.`freguesia` (`id_freguesia`, `nome`, `url`, `id_concelho`) VALUES (212, 'Mindelo', 'https://www.jf-mindelo.pt/', 189);
INSERT INTO `bd_portugal`.`freguesia` (`id_freguesia`, `nome`, `url`, `id_concelho`) VALUES (213, 'Modivas', 'http://www.jfmodivas.pt/', 189);
INSERT INTO `bd_portugal`.`freguesia` (`id_freguesia`, `nome`, `url`, `id_concelho`) VALUES (214, 'Vila Chã', 'https://www.jfvilacha.pt/', 189);
INSERT INTO `bd_portugal`.`freguesia` (`id_freguesia`, `nome`, `url`, `id_concelho`) VALUES (215, 'Vila do Conde', 'https://jf-viladoconde.pt/', 189);
INSERT INTO `bd_portugal`.`freguesia` (`id_freguesia`, `nome`, `url`, `id_concelho`) VALUES (216, 'Vilar de Pinheiro', '_', 189);
INSERT INTO `bd_portugal`.`freguesia` (`id_freguesia`, `nome`, `url`, `id_concelho`) VALUES (217, 'União das freguesias de Bagunte, Ferreiró, Outeiro Maior e Parada', 'https://uf-bagunte-ferreiro-outeiro-parada.pt/', 189);
INSERT INTO `bd_portugal`.`freguesia` (`id_freguesia`, `nome`, `url`, `id_concelho`) VALUES (218, 'União das freguesias de Fornelo e Vairão', 'http://www.forneloevairao.freguesias.pt/', 189);
INSERT INTO `bd_portugal`.`freguesia` (`id_freguesia`, `nome`, `url`, `id_concelho`) VALUES (219, 'União das freguesias de Malta e Canidelo', 'http://www.freg-maltacanidelo.pt/', 189);
INSERT INTO `bd_portugal`.`freguesia` (`id_freguesia`, `nome`, `url`, `id_concelho`) VALUES (220, 'União das freguesias de Retorta e Tougues', '_', 189);
INSERT INTO `bd_portugal`.`freguesia` (`id_freguesia`, `nome`, `url`, `id_concelho`) VALUES (221, 'União das freguesias de Rio Mau e Arcos', '_', 189);
INSERT INTO `bd_portugal`.`freguesia` (`id_freguesia`, `nome`, `url`, `id_concelho`) VALUES (222, 'União das freguesias de Touguinha e Touguinhó', '_', 189);
INSERT INTO `bd_portugal`.`freguesia` (`id_freguesia`, `nome`, `url`, `id_concelho`) VALUES (223, 'União das freguesias de Vilar e Mosteiró', '_', 189);
INSERT INTO `bd_portugal`.`freguesia` (`id_freguesia`, `nome`, `url`, `id_concelho`) VALUES (224, 'Arcozelo', 'https://www.jf-arcozelo.pt/', 190);
INSERT INTO `bd_portugal`.`freguesia` (`id_freguesia`, `nome`, `url`, `id_concelho`) VALUES (225, 'Avintes', 'http://www.avintes.net/', 190);
INSERT INTO `bd_portugal`.`freguesia` (`id_freguesia`, `nome`, `url`, `id_concelho`) VALUES (226, 'Canelas', 'http://www.jfcanelas.pt/', 190);
INSERT INTO `bd_portugal`.`freguesia` (`id_freguesia`, `nome`, `url`, `id_concelho`) VALUES (227, 'Canidelo', 'http://www.canidelo.net/', 190);
INSERT INTO `bd_portugal`.`freguesia` (`id_freguesia`, `nome`, `url`, `id_concelho`) VALUES (228, 'Madalena', '_', 190);
INSERT INTO `bd_portugal`.`freguesia` (`id_freguesia`, `nome`, `url`, `id_concelho`) VALUES (229, 'Foz do Douro', 'https://jfodouro.pt/', 190);
INSERT INTO `bd_portugal`.`freguesia` (`id_freguesia`, `nome`, `url`, `id_concelho`) VALUES (230, 'São Félix da Marinha', 'http://www.jfsfelix.pt/', 190);
INSERT INTO `bd_portugal`.`freguesia` (`id_freguesia`, `nome`, `url`, `id_concelho`) VALUES (231, 'Vilar de Andorinho', 'http://www.jf-vilardeandorinho.pt/', 190);
INSERT INTO `bd_portugal`.`freguesia` (`id_freguesia`, `nome`, `url`, `id_concelho`) VALUES (232, 'União das freguesias de Grijó e Sermonde', 'http://www.jf-grijosermonde.pt', 190);
INSERT INTO `bd_portugal`.`freguesia` (`id_freguesia`, `nome`, `url`, `id_concelho`) VALUES (233, 'União das freguesias de Gulpilhares e Valadares', 'https://gulpilhares-valadares.pt/', 190);
INSERT INTO `bd_portugal`.`freguesia` (`id_freguesia`, `nome`, `url`, `id_concelho`) VALUES (234, 'União das freguesias de Mafamude e Vilar do Paraíso', 'https://www.mafamudevilarparaiso.pt/', 190);
INSERT INTO `bd_portugal`.`freguesia` (`id_freguesia`, `nome`, `url`, `id_concelho`) VALUES (235, 'União das freguesias de Pedroso e Seixezelo', 'https://pedroso-seixezelo.pt/', 190);
INSERT INTO `bd_portugal`.`freguesia` (`id_freguesia`, `nome`, `url`, `id_concelho`) VALUES (236, 'União das freguesias de Sandim, Olival, Lever e Crestuma', 'http://www.uf-solc.pt/', 190);
INSERT INTO `bd_portugal`.`freguesia` (`id_freguesia`, `nome`, `url`, `id_concelho`) VALUES (237, 'União das freguesias de Santa Marinha e São Pedro da Afurada', 'http://www.santamarinhaeafurada.pt/', 190);
INSERT INTO `bd_portugal`.`freguesia` (`id_freguesia`, `nome`, `url`, `id_concelho`) VALUES (238, 'União das freguesias de Serzedo e Perosinho', 'https://serzedoperosinho.pt/', 190);
INSERT INTO `bd_portugal`.`freguesia` (`id_freguesia`, `nome`, `url`, `id_concelho`) VALUES (239, 'Covelas', 'https://www.jf-covelas.pt/', 191);
INSERT INTO `bd_portugal`.`freguesia` (`id_freguesia`, `nome`, `url`, `id_concelho`) VALUES (240, 'Muro', '_', 191);
INSERT INTO `bd_portugal`.`freguesia` (`id_freguesia`, `nome`, `url`, `id_concelho`) VALUES (241, 'União das freguesias de Alvarelhos e Guidões', 'http://www.alvarelhosguidoes.pt/', 191);
INSERT INTO `bd_portugal`.`freguesia` (`id_freguesia`, `nome`, `url`, `id_concelho`) VALUES (242, 'União das freguesias de Bougado (São Martinho e Santiago)', 'https://www.jfbougado.pt/', 191);
INSERT INTO `bd_portugal`.`freguesia` (`id_freguesia`, `nome`, `url`, `id_concelho`) VALUES (243, 'União das freguesias de Coronado (São Romão e São Mamede)', 'http://www.viladocoronado.pt/', 191);
COMMIT;